Feature,Importance
pm25_days,0.349062380962425
median_aqi,0.303054811455012
ozone_days,0.29384279313358175
unhealthy_days,0.05404001444898134
