Feature,Coefficient
median_aqi,4.757521663208555e-07
pm25_days,-2.0002777588297605e-07
ozone_days,-1.3392480945775492e-07
unhealthy_days,-1.5777753227928123e-06
